{"cameraMode":{"drawMode":0,"name":"Shaded","section":"Shading Mode"},"sceneLighting":true,"audioPlay":false,"sceneViewState":{"showFog":true,"showMaterialUpdate":false,"showSkybox":true,"showFlares":true,"showImageEffects":true,"showParticleSystems":true},"in2DMode":false,"pivot":{"x":-1.1240402460098267,"y":1.3356409072875977,"z":87.59413146972656},"rotation":{"x":-0.1698819249868393,"y":0.6842647790908814,"z":-0.16876403987407685,"w":-0.6887969374656677},"size":3.633662223815918,"orthographic":false}